"Country Name","Country Code","Indicator Name","Indicator Code","1960","1961","1962","1963","1964","1965","1966","1967","1968","1969","1970","1971","1972","1973","1974","1975","1976","1977","1978","1979","1980","1981","1982","1983","1984","1985","1986","1987","1988","1989","1990","1991","1992","1993","1994","1995","1996","1997","1998","1999","2000","2001","2002","2003","2004","2005","2006","2007","2008","2009","2010","2011","2012","2013","2014","2015","2016","2017","2018","2019","2020","2021","2022","2023","2024",
"Aruba","ABW","Antiretroviral therapy coverage for PMTCT (% of pregnant women living with HIV)","SH.HIV.PMTC.ZS","","","","","","","","","","","","","","","","","","","","","","","","","","","","","","","","","","","","","","","","","","","","","","","","","","","","","","","","","","","","","","","","","",
"Africa Eastern and Southern","AFE","Antiretroviral therapy coverage for PMTCT (% of pregnant women living with HIV)","SH.HIV.PMTC.ZS","","","","","","","","","","","","","","","","","","","","","","","","","","","","","","","","","","","","","","","","","0.139094743559437","0.50648725508514","1.64563921388439","4.11230520041798","9.24017104982756","18.9914569216138","28.5479177022951","42.8818451469036","54.8352257818403","65.0383951357082","54.6532561027448","65.0064662025719","77.0154303493687","81.5004281551646","84.63673118271","86.3876010949172","86.2157109141491","88.2831404881057","90.6027979163088","92.4471677318419","92.0735902532946","91.7936299753335","91.0492696882306","","",
"Afghanistan","AFG","Antiretroviral therapy coverage for PMTCT (% of pregnant women living with HIV)","SH.HIV.PMTC.ZS","","","","","","","","","","","","","","","","","","","","","","","","","","","","","","","","","","","","","","","","","0","0","0","0","0","0","0","0","0","1","1","1","0","2","4","3","4","9","9","12","13","19","15","","",
"Africa Western and Central","AFW","Antiretroviral therapy coverage for PMTCT (% of pregnant women living with HIV)","SH.HIV.PMTC.ZS","","","","","","","","","","","","","","","","","","","","","","","","","","","","","","","","","","","","","","","","","","","","","","","","","","","","","","","","","","","","","","","","","",
"Angola","AGO","Antiretroviral therapy coverage for PMTCT (% of pregnant women living with HIV)","SH.HIV.PMTC.ZS","","","","","","","","","","","","","","","","","","","","","","","","","","","","","","","","","","","","","","","","","0","0","0","0","1","2","9","9","11","12","14","10","12","20","31","30","27","26","36","58","66","75","80","","",
"Albania","ALB","Antiretroviral therapy coverage for PMTCT (% of pregnant women living with HIV)","SH.HIV.PMTC.ZS","","","","","","","","","","","","","","","","","","","","","","","","","","","","","","","","","","","","","","","","","","","","","","","","","","","","","","","","","","","","","","","","","",
"Andorra","AND","Antiretroviral therapy coverage for PMTCT (% of pregnant women living with HIV)","SH.HIV.PMTC.ZS","","","","","","","","","","","","","","","","","","","","","","","","","","","","","","","","","","","","","","","","","","","","","","","","","","","","","","","","","","","","","","","","","",
"Arab World","ARB","Antiretroviral therapy coverage for PMTCT (% of pregnant women living with HIV)","SH.HIV.PMTC.ZS","","","","","","","","","","","","","","","","","","","","","","","","","","","","","","","","","","","","","","","","","0","0","0.0424178154825027","0.0717213114754098","0.123920265780731","0.646034816247582","1.12686567164179","2.36827876239111","","","","","","","","","","","","","","","","","",
"United Arab Emirates","ARE","Antiretroviral therapy coverage for PMTCT (% of pregnant women living with HIV)","SH.HIV.PMTC.ZS","","","","","","","","","","","","","","","","","","","","","","","","","","","","","","","","","","","","","","","","","","","","","","","","","","","","","","","","","","","","","","","","","",
"Argentina","ARG","Antiretroviral therapy coverage for PMTCT (% of pregnant women living with HIV)","SH.HIV.PMTC.ZS","","","","","","","","","","","","","","","","","","","","","","","","","","","","","","","","","","","","","","","","","","","","","","","","","","","","","","","","","","","","","","","","","",
"Armenia","ARM","Antiretroviral therapy coverage for PMTCT (% of pregnant women living with HIV)","SH.HIV.PMTC.ZS","","","","","","","","","","","","","","","","","","","","","","","","","","","","","","","","","","","","","","","","","","","","","","","","","","","","","","","","","","","","","","","","","",
"American Samoa","ASM","Antiretroviral therapy coverage for PMTCT (% of pregnant women living with HIV)","SH.HIV.PMTC.ZS","","","","","","","","","","","","","","","","","","","","","","","","","","","","","","","","","","","","","","","","","","","","","","","","","","","","","","","","","","","","","","","","","",
"Antigua and Barbuda","ATG","Antiretroviral therapy coverage for PMTCT (% of pregnant women living with HIV)","SH.HIV.PMTC.ZS","","","","","","","","","","","","","","","","","","","","","","","","","","","","","","","","","","","","","","","","","","","","","","","","","","","","","","","","","","","","","","","","","",
"Australia","AUS","Antiretroviral therapy coverage for PMTCT (% of pregnant women living with HIV)","SH.HIV.PMTC.ZS","","","","","","","","","","","","","","","","","","","","","","","","","","","","","","","","","","","","","","","","","","","","","","","","","","","","","","","","","","","","","","","","","",
"Austria","AUT","Antiretroviral therapy coverage for PMTCT (% of pregnant women living with HIV)","SH.HIV.PMTC.ZS","","","","","","","","","","","","","","","","","","","","","","","","","","","","","","","","","","","","","","","","","","","","","","","","","","","","","","","","","","","","","","","","","",
"Azerbaijan","AZE","Antiretroviral therapy coverage for PMTCT (% of pregnant women living with HIV)","SH.HIV.PMTC.ZS","","","","","","","","","","","","","","","","","","","","","","","","","","","","","","","","","","","","","","","","","0","0","0","0","0","0","0","1","4","10","9","15","20","31","45","55","75","85","71","94","80","67","62","","",
"Burundi","BDI","Antiretroviral therapy coverage for PMTCT (% of pregnant women living with HIV)","SH.HIV.PMTC.ZS","","","","","","","","","","","","","","","","","","","","","","","","","","","","","","","","","","","","","","","","","0","0","0","0","0","0","0","0","0","22","","","","","","","","","","","98","95","85","","",
"Belgium","BEL","Antiretroviral therapy coverage for PMTCT (% of pregnant women living with HIV)","SH.HIV.PMTC.ZS","","","","","","","","","","","","","","","","","","","","","","","","","","","","","","","","","","","","","","","","","","","","","","","","","","","","","","","","","","","","","","","","","",
"Benin","BEN","Antiretroviral therapy coverage for PMTCT (% of pregnant women living with HIV)","SH.HIV.PMTC.ZS","","","","","","","","","","","","","","","","","","","","","","","","","","","","","","","","","","","","","","","","","0","0","0","0","0","0","0","0","24","27","13","17","19","18","30","66","73","65","73","88","94","86","94","","",
"Burkina Faso","BFA","Antiretroviral therapy coverage for PMTCT (% of pregnant women living with HIV)","SH.HIV.PMTC.ZS","","","","","","","","","","","","","","","","","","","","","","","","","","","","","","","","","","","","","","","","","0","0","0","1","3","8","17","16","16","27","32","37","39","42","55","40","46","52","58","64","72","80","84","","",
"Bangladesh","BGD","Antiretroviral therapy coverage for PMTCT (% of pregnant women living with HIV)","SH.HIV.PMTC.ZS","","","","","","","","","","","","","","","","","","","","","","","","","","","","","","","","","","","","","","","","","0","0","0","0","0","0","1","2","4","5","6","3","4","5","6","5","5","6","8","6","4","8","4","","",
"Bulgaria","BGR","Antiretroviral therapy coverage for PMTCT (% of pregnant women living with HIV)","SH.HIV.PMTC.ZS","","","","","","","","","","","","","","","","","","","","","","","","","","","","","","","","","","","","","","","","","","","","","","","","","","","","","","","","","","","","","","","","","",
"Bahrain","BHR","Antiretroviral therapy coverage for PMTCT (% of pregnant women living with HIV)","SH.HIV.PMTC.ZS","","","","","","","","","","","","","","","","","","","","","","","","","","","","","","","","","","","","","","","","","","","","","","","","","","","","","","","","","","","","","","","","","",
"Bahamas, The","BHS","Antiretroviral therapy coverage for PMTCT (% of pregnant women living with HIV)","SH.HIV.PMTC.ZS","","","","","","","","","","","","","","","","","","","","","","","","","","","","","","","","","","","","","","","","","","","","","","","","","","","","","","","","","","","","","","","","","",
"Bosnia and Herzegovina","BIH","Antiretroviral therapy coverage for PMTCT (% of pregnant women living with HIV)","SH.HIV.PMTC.ZS","","","","","","","","","","","","","","","","","","","","","","","","","","","","","","","","","","","","","","","","","","","","","","","","","","","","","","","","","","","","","","","","","",
"Belarus","BLR","Antiretroviral therapy coverage for PMTCT (% of pregnant women living with HIV)","SH.HIV.PMTC.ZS","","","","","","","","","","","","","","","","","","","","","","","","","","","","","","","","","","","","","","","","","","","","","","","","","","","","","","","","","","","","","","","","","",
"Belize","BLZ","Antiretroviral therapy coverage for PMTCT (% of pregnant women living with HIV)","SH.HIV.PMTC.ZS","","","","","","","","","","","","","","","","","","","","","","","","","","","","","","","","","","","","","","","","","0","71","60","70","57","52","82","70","66","100","95","100","96","70","79","79","58","67","74","68","72","73","73","","",
"Bermuda","BMU","Antiretroviral therapy coverage for PMTCT (% of pregnant women living with HIV)","SH.HIV.PMTC.ZS","","","","","","","","","","","","","","","","","","","","","","","","","","","","","","","","","","","","","","","","","","","","","","","","","","","","","","","","","","","","","","","","","",
"Bolivia","BOL","Antiretroviral therapy coverage for PMTCT (% of pregnant women living with HIV)","SH.HIV.PMTC.ZS","","","","","","","","","","","","","","","","","","","","","","","","","","","","","","","","","","","","","","","","","0","0","0","0","0","0","3","6","7","20","25","32","47","39","42","52","62","93","81","84","73","83","88","","",
"Brazil","BRA","Antiretroviral therapy coverage for PMTCT (% of pregnant women living with HIV)","SH.HIV.PMTC.ZS","","","","","","","","","","","","","","","","","","","","","","","","","","","","","","","","","","","","","","","","","","","","","","","","","","","","","","","","","","","","","","","","","",
"Barbados","BRB","Antiretroviral therapy coverage for PMTCT (% of pregnant women living with HIV)","SH.HIV.PMTC.ZS","","","","","","","","","","","","","","","","","","","","","","","","","","","","","","","","","","","","","","","","","","","","","","","","","","","","","","","","","","","","","","","","","",
"Brunei Darussalam","BRN","Antiretroviral therapy coverage for PMTCT (% of pregnant women living with HIV)","SH.HIV.PMTC.ZS","","","","","","","","","","","","","","","","","","","","","","","","","","","","","","","","","","","","","","","","","","","","","","","","","","","","","","","","","","","","","","","","","",
"Bhutan","BTN","Antiretroviral therapy coverage for PMTCT (% of pregnant women living with HIV)","SH.HIV.PMTC.ZS","","","","","","","","","","","","","","","","","","","","","","","","","","","","","","","","","","","","","","","","","","","","","","","","","","","","","","","","","","","","","","","","","",
"Botswana","BWA","Antiretroviral therapy coverage for PMTCT (% of pregnant women living with HIV)","SH.HIV.PMTC.ZS","","","","","","","","","","","","","","","","","","","","","","","","","","","","","","","","","","","","","","","","","8","16","25","33","42","67","77","72","72","79","70","64","81","82","75","79","78","89","98","100","100","97","98","","",
"Central African Republic","CAF","Antiretroviral therapy coverage for PMTCT (% of pregnant women living with HIV)","SH.HIV.PMTC.ZS","","","","","","","","","","","","","","","","","","","","","","","","","","","","","","","","","","","","","","","","","0","1","0","0","2","6","17","17","21","28","24","31","34","20","35","39","55","40","44","54","48","50","39","","",
"Canada","CAN","Antiretroviral therapy coverage for PMTCT (% of pregnant women living with HIV)","SH.HIV.PMTC.ZS","","","","","","","","","","","","","","","","","","","","","","","","","","","","","","","","","","","","","","","","","","","","","","","","","","","","","","","","","","","","","","","","","",
"Central Europe and the Baltics","CEB","Antiretroviral therapy coverage for PMTCT (% of pregnant women living with HIV)","SH.HIV.PMTC.ZS","","","","","","","","","","","","","","","","","","","","","","","","","","","","","","","","","","","","","","","","","","","","","","","","","","","","","","","","","","","","","","","","","",
"Switzerland","CHE","Antiretroviral therapy coverage for PMTCT (% of pregnant women living with HIV)","SH.HIV.PMTC.ZS","","","","","","","","","","","","","","","","","","","","","","","","","","","","","","","","","","","","","","","","","","","","","","","","","","","","","","","","","","","","","","","","","",
"Channel Islands","CHI","Antiretroviral therapy coverage for PMTCT (% of pregnant women living with HIV)","SH.HIV.PMTC.ZS","","","","","","","","","","","","","","","","","","","","","","","","","","","","","","","","","","","","","","","","","","","","","","","","","","","","","","","","","","","","","","","","","",
"Chile","CHL","Antiretroviral therapy coverage for PMTCT (% of pregnant women living with HIV)","SH.HIV.PMTC.ZS","","","","","","","","","","","","","","","","","","","","","","","","","","","","","","","","","","","","","","","","","","","","","","","","","","","","","","","","","","","","","","","","","",
"China","CHN","Antiretroviral therapy coverage for PMTCT (% of pregnant women living with HIV)","SH.HIV.PMTC.ZS","","","","","","","","","","","","","","","","","","","","","","","","","","","","","","","","","","","","","","","","","","","","","","","","","","","","","","","","","","","","","","","","","",
"Cote d'Ivoire","CIV","Antiretroviral therapy coverage for PMTCT (% of pregnant women living with HIV)","SH.HIV.PMTC.ZS","","","","","","","","","","","","","","","","","","","","","","","","","","","","","","","","","","","","","","","","","0","1","2","4","6","15","9","17","33","42","46","44","58","74","86","89","88","92","92","86","82","84","80","","",
"Cameroon","CMR","Antiretroviral therapy coverage for PMTCT (% of pregnant women living with HIV)","SH.HIV.PMTC.ZS","","","","","","","","","","","","","","","","","","","","","","","","","","","","","","","","","","","","","","","","","0","0","4","8","12","10","22","22","30","27","42","49","57","77","76","91","80","81","79","64","65","70","68","","",
"Congo, Dem. Rep.","COD","Antiretroviral therapy coverage for PMTCT (% of pregnant women living with HIV)","SH.HIV.PMTC.ZS","","","","","","","","","","","","","","","","","","","","","","","","","","","","","","","","","","","","","","","","","0","0","0","","","","","","","","","3","0","3","10","38","54","49","40","52","45","41","37","","",
"Congo, Rep.","COG","Antiretroviral therapy coverage for PMTCT (% of pregnant women living with HIV)","SH.HIV.PMTC.ZS","","","","","","","","","","","","","","","","","","","","","","","","","","","","","","","","","","","","","","","","","0","0","2","4","6","4","5","10","17","8","11","24","19","24","20","18","11","11","7","7","12","21","20","","",
"Colombia","COL","Antiretroviral therapy coverage for PMTCT (% of pregnant women living with HIV)","SH.HIV.PMTC.ZS","","","","","","","","","","","","","","","","","","","","","","","","","","","","","","","","","","","","","","","","","0","0","0","4","11","22","10","15","31","33","42","50","51","54","61","52","55","57","56","56","55","","","","",
"Comoros","COM","Antiretroviral therapy coverage for PMTCT (% of pregnant women living with HIV)","SH.HIV.PMTC.ZS","","","","","","","","","","","","","","","","","","","","","","","","","","","","","","","","","","","","","","","","","","","","","","","","","","","","","","","","","","","","","","","","","",
"Cabo Verde","CPV","Antiretroviral therapy coverage for PMTCT (% of pregnant women living with HIV)","SH.HIV.PMTC.ZS","","","","","","","","","","","","","","","","","","","","","","","","","","","","","","","","","","","","","","","","","0","0","0","0","0","0","","","","","","","","","","","100","100","100","100","63","95","94","","",
"Costa Rica","CRI","Antiretroviral therapy coverage for PMTCT (% of pregnant women living with HIV)","SH.HIV.PMTC.ZS","","","","","","","","","","","","","","","","","","","","","","","","","","","","","","","","","","","","","","","","","0","0","0","0","0","0","34","37","38","41","0","0","0","43","53","92","94","100","100","100","92","100","","","",
"Caribbean small states","CSS","Antiretroviral therapy coverage for PMTCT (% of pregnant women living with HIV)","SH.HIV.PMTC.ZS","","","","","","","","","","","","","","","","","","","","","","","","","","","","","","","","","","","","","","","","","","","","","","","","","","","","","","","","","","","","","","","","","",
"Cuba","CUB","Antiretroviral therapy coverage for PMTCT (% of pregnant women living with HIV)","SH.HIV.PMTC.ZS","","","","","","","","","","","","","","","","","","","","","","","","","","","","","","","","","","","","","","","","","0","0","0","0","0","0","0","0","0","48","55","88","99","72","63","96","88","91","100","100","100","100","100","","",
"Curacao","CUW","Antiretroviral therapy coverage for PMTCT (% of pregnant women living with HIV)","SH.HIV.PMTC.ZS","","","","","","","","","","","","","","","","","","","","","","","","","","","","","","","","","","","","","","","","","","","","","","","","","","","","","","","","","","","","","","","","","",
"Cayman Islands","CYM","Antiretroviral therapy coverage for PMTCT (% of pregnant women living with HIV)","SH.HIV.PMTC.ZS","","","","","","","","","","","","","","","","","","","","","","","","","","","","","","","","","","","","","","","","","","","","","","","","","","","","","","","","","","","","","","","","","",
"Cyprus","CYP","Antiretroviral therapy coverage for PMTCT (% of pregnant women living with HIV)","SH.HIV.PMTC.ZS","","","","","","","","","","","","","","","","","","","","","","","","","","","","","","","","","","","","","","","","","","","","","","","","","","","","","","","","","","","","","","","","","",
"Czechia","CZE","Antiretroviral therapy coverage for PMTCT (% of pregnant women living with HIV)","SH.HIV.PMTC.ZS","","","","","","","","","","","","","","","","","","","","","","","","","","","","","","","","","","","","","","","","","","","","","","","","","","","","","","","","","","","","","","","","","",
"Germany","DEU","Antiretroviral therapy coverage for PMTCT (% of pregnant women living with HIV)","SH.HIV.PMTC.ZS","","","","","","","","","","","","","","","","","","","","","","","","","","","","","","","","","","","","","","","","","","","","","","","","","","","","","","","","","","","","","","","","","",
"Djibouti","DJI","Antiretroviral therapy coverage for PMTCT (% of pregnant women living with HIV)","SH.HIV.PMTC.ZS","","","","","","","","","","","","","","","","","","","","","","","","","","","","","","","","","","","","","","","","","","","","","","","","","","","","","","","","","","","","","","","","","",
"Dominica","DMA","Antiretroviral therapy coverage for PMTCT (% of pregnant women living with HIV)","SH.HIV.PMTC.ZS","","","","","","","","","","","","","","","","","","","","","","","","","","","","","","","","","","","","","","","","","","","","","","","","","","","","","","","","","","","","","","","","","",
"Denmark","DNK","Antiretroviral therapy coverage for PMTCT (% of pregnant women living with HIV)","SH.HIV.PMTC.ZS","","","","","","","","","","","","","","","","","","","","","","","","","","","","","","","","","","","","","","","","","","","","","","","","","","","","","","","","","","","","","","","","","",
"Dominican Republic","DOM","Antiretroviral therapy coverage for PMTCT (% of pregnant women living with HIV)","SH.HIV.PMTC.ZS","","","","","","","","","","","","","","","","","","","","","","","","","","","","","","","","","","","","","","","","","0","0","2","3","13","23","25","34","42","39","33","47","59","45","51","43","45","41","39","33","27","44","58","","",
"Algeria","DZA","Antiretroviral therapy coverage for PMTCT (% of pregnant women living with HIV)","SH.HIV.PMTC.ZS","","","","","","","","","","","","","","","","","","","","","","","","","","","","","","","","","","","","","","","","","0","0","0","0","0","0","0","0","27","23","37","35","29","42","21","18","31","37","43","45","32","23","26","","",
"East Asia & Pacific (excluding high income)","EAP","Antiretroviral therapy coverage for PMTCT (% of pregnant women living with HIV)","SH.HIV.PMTC.ZS","","","","","","","","","","","","","","","","","","","","","","","","","","","","","","","","","","","","","","","","","","","","","","","","","","","","","","","","","","","","","","","","","",
"Early-demographic dividend","EAR","Antiretroviral therapy coverage for PMTCT (% of pregnant women living with HIV)","SH.HIV.PMTC.ZS","","","","","","","","","","","","","","","","","","","","","","","","","","","","","","","","","","","","","","","","","","","","","","","","","","","","","","","","","","","","","","","","","",
"East Asia & Pacific","EAS","Antiretroviral therapy coverage for PMTCT (% of pregnant women living with HIV)","SH.HIV.PMTC.ZS","","","","","","","","","","","","","","","","","","","","","","","","","","","","","","","","","","","","","","","","","","","","","","","","","","","","","","","","","","","","","","","","","",
"Europe & Central Asia (excluding high income)","ECA","Antiretroviral therapy coverage for PMTCT (% of pregnant women living with HIV)","SH.HIV.PMTC.ZS","","","","","","","","","","","","","","","","","","","","","","","","","","","","","","","","","","","","","","","","","","","","","","","","","","","","","","","","","","","","","","","","","",
"Europe & Central Asia","ECS","Antiretroviral therapy coverage for PMTCT (% of pregnant women living with HIV)","SH.HIV.PMTC.ZS","","","","","","","","","","","","","","","","","","","","","","","","","","","","","","","","","","","","","","","","","","","","","","","","","","","","","","","","","","","","","","","","","",
"Ecuador","ECU","Antiretroviral therapy coverage for PMTCT (% of pregnant women living with HIV)","SH.HIV.PMTC.ZS","","","","","","","","","","","","","","","","","","","","","","","","","","","","","","","","","","","","","","","","","0","0","0","0","0","0","0","0","39","37","39","42","45","46","47","49","50","51","51","79","61","76","90","","",
"Egypt, Arab Rep.","EGY","Antiretroviral therapy coverage for PMTCT (% of pregnant women living with HIV)","SH.HIV.PMTC.ZS","","","","","","","","","","","","","","","","","","","","","","","","","","","","","","","","","","","","","","","","","0","0","0","0","2","3","3","1","1","3","4","2","3","11","8","8","12","12","13","14","16","27","27","","",
"Euro area","EMU","Antiretroviral therapy coverage for PMTCT (% of pregnant women living with HIV)","SH.HIV.PMTC.ZS","","","","","","","","","","","","","","","","","","","","","","","","","","","","","","","","","","","","","","","","","","","","","","","","","","","","","","","","","","","","","","","","","",
"Eritrea","ERI","Antiretroviral therapy coverage for PMTCT (% of pregnant women living with HIV)","SH.HIV.PMTC.ZS","","","","","","","","","","","","","","","","","","","","","","","","","","","","","","","","","","","","","","","","","0","0","3","7","11","38","31","100","100","100","37","60","100","100","100","100","80","91","100","89","100","84","93","","",
"Spain","ESP","Antiretroviral therapy coverage for PMTCT (% of pregnant women living with HIV)","SH.HIV.PMTC.ZS","","","","","","","","","","","","","","","","","","","","","","","","","","","","","","","","","","","","","","","","","","","","","","","","","","","","","","","","","","","","","","","","","",
"Estonia","EST","Antiretroviral therapy coverage for PMTCT (% of pregnant women living with HIV)","SH.HIV.PMTC.ZS","","","","","","","","","","","","","","","","","","","","","","","","","","","","","","","","","","","","","","","","","","","","","","","","","","","","","","","","","","","","","","","","","",
"Ethiopia","ETH","Antiretroviral therapy coverage for PMTCT (% of pregnant women living with HIV)","SH.HIV.PMTC.ZS","","","","","","","","","","","","","","","","","","","","","","","","","","","","","","","","","","","","","","","","","0","0","0","1","1","1","9","10","24","26","24","37","59","69","71","77","70","67","78","83","93","80","86","","",
"European Union","EUU","Antiretroviral therapy coverage for PMTCT (% of pregnant women living with HIV)","SH.HIV.PMTC.ZS","","","","","","","","","","","","","","","","","","","","","","","","","","","","","","","","","","","","","","","","","","","","","","","","","","","","","","","","","","","","","","","","","",
"Fragile and conflict affected situations","FCS","Antiretroviral therapy coverage for PMTCT (% of pregnant women living with HIV)","SH.HIV.PMTC.ZS","","","","","","","","","","","","","","","","","","","","","","","","","","","","","","","","","","","","","","","","","","","","","","","","","","","","","","","","","","","","","","","","","",
"Finland","FIN","Antiretroviral therapy coverage for PMTCT (% of pregnant women living with HIV)","SH.HIV.PMTC.ZS","","","","","","","","","","","","","","","","","","","","","","","","","","","","","","","","","","","","","","","","","","","","","","","","","","","","","","","","","","","","","","","","","",
"Fiji","FJI","Antiretroviral therapy coverage for PMTCT (% of pregnant women living with HIV)","SH.HIV.PMTC.ZS","","","","","","","","","","","","","","","","","","","","","","","","","","","","","","","","","","","","","","","","","0","0","0","0","0","0","0","28","15","18","36","63","65","32","45","33","54","78","70","35","49","41","36","","",
"France","FRA","Antiretroviral therapy coverage for PMTCT (% of pregnant women living with HIV)","SH.HIV.PMTC.ZS","","","","","","","","","","","","","","","","","","","","","","","","","","","","","","","","","","","","","","","","","","","","","","","","","","","","","","","","","","","","","","","","","",
"Faroe Islands","FRO","Antiretroviral therapy coverage for PMTCT (% of pregnant women living with HIV)","SH.HIV.PMTC.ZS","","","","","","","","","","","","","","","","","","","","","","","","","","","","","","","","","","","","","","","","","","","","","","","","","","","","","","","","","","","","","","","","","",
"Micronesia, Fed. Sts.","FSM","Antiretroviral therapy coverage for PMTCT (% of pregnant women living with HIV)","SH.HIV.PMTC.ZS","","","","","","","","","","","","","","","","","","","","","","","","","","","","","","","","","","","","","","","","","","","","","","","","","","","","","","","","","","","","","","","","","",
"Gabon","GAB","Antiretroviral therapy coverage for PMTCT (% of pregnant women living with HIV)","SH.HIV.PMTC.ZS","","","","","","","","","","","","","","","","","","","","","","","","","","","","","","","","","","","","","","","","","0","0","0","1","2","2","3","14","20","18","20","26","34","44","46","56","72","68","76","81","99","77","82","","",
"United Kingdom","GBR","Antiretroviral therapy coverage for PMTCT (% of pregnant women living with HIV)","SH.HIV.PMTC.ZS","","","","","","","","","","","","","","","","","","","","","","","","","","","","","","","","","","","","","","","","","","","","","","","","","","","","","","","","","","","","","","","","","",
"Georgia","GEO","Antiretroviral therapy coverage for PMTCT (% of pregnant women living with HIV)","SH.HIV.PMTC.ZS","","","","","","","","","","","","","","","","","","","","","","","","","","","","","","","","","","","","","","","","","","","","","","","","","","","","","","","","","","","","","","","","","",
"Ghana","GHA","Antiretroviral therapy coverage for PMTCT (% of pregnant women living with HIV)","SH.HIV.PMTC.ZS","","","","","","","","","","","","","","","","","","","","","","","","","","","","","","","","","","","","","","","","","0","0","0","0","1","3","7","25","29","21","34","47","51","42","48","45","57","65","69","71","77","93","85","","",
"Gibraltar","GIB","Antiretroviral therapy coverage for PMTCT (% of pregnant women living with HIV)","SH.HIV.PMTC.ZS","","","","","","","","","","","","","","","","","","","","","","","","","","","","","","","","","","","","","","","","","","","","","","","","","","","","","","","","","","","","","","","","","",
"Guinea","GIN","Antiretroviral therapy coverage for PMTCT (% of pregnant women living with HIV)","SH.HIV.PMTC.ZS","","","","","","","","","","","","","","","","","","","","","","","","","","","","","","","","","","","","","","","","","0","0","0","0","1","1","7","26","27","14","19","34","34","67","0","0","0","0","0","53","58","61","56","","",
"Gambia, The","GMB","Antiretroviral therapy coverage for PMTCT (% of pregnant women living with HIV)","SH.HIV.PMTC.ZS","","","","","","","","","","","","","","","","","","","","","","","","","","","","","","","","","","","","","","","","","0","0","0","0","0","7","8","10","27","44","42","56","47","49","49","60","52","52","51","47","45","61","59","","",
"Guinea-Bissau","GNB","Antiretroviral therapy coverage for PMTCT (% of pregnant women living with HIV)","SH.HIV.PMTC.ZS","","","","","","","","","","","","","","","","","","","","","","","","","","","","","","","","","","","","","","","","","0","0","0","0","0","0","8","8","4","11","17","24","37","61","100","89","87","87","65","79","80","60","60","","",
"Equatorial Guinea","GNQ","Antiretroviral therapy coverage for PMTCT (% of pregnant women living with HIV)","SH.HIV.PMTC.ZS","","","","","","","","","","","","","","","","","","","","","","","","","","","","","","","","","","","","","","","","","0","0","0","0","0","6","16","16","17","8","13","7","11","49","48","38","59","54","44","44","32","42","47","","",
"Greece","GRC","Antiretroviral therapy coverage for PMTCT (% of pregnant women living with HIV)","SH.HIV.PMTC.ZS","","","","","","","","","","","","","","","","","","","","","","","","","","","","","","","","","","","","","","","","","","","","","","","","","","","","","","","","","","","","","","","","","",
"Grenada","GRD","Antiretroviral therapy coverage for PMTCT (% of pregnant women living with HIV)","SH.HIV.PMTC.ZS","","","","","","","","","","","","","","","","","","","","","","","","","","","","","","","","","","","","","","","","","","","","","","","","","","","","","","","","","","","","","","","","","",
"Greenland","GRL","Antiretroviral therapy coverage for PMTCT (% of pregnant women living with HIV)","SH.HIV.PMTC.ZS","","","","","","","","","","","","","","","","","","","","","","","","","","","","","","","","","","","","","","","","","","","","","","","","","","","","","","","","","","","","","","","","","",
"Guatemala","GTM","Antiretroviral therapy coverage for PMTCT (% of pregnant women living with HIV)","SH.HIV.PMTC.ZS","","","","","","","","","","","","","","","","","","","","","","","","","","","","","","","","","","","","","","","","","1","2","2","2","2","3","29","28","25","35","24","31","23","37","33","20","26","27","34","34","35","39","44","","",
"Guam","GUM","Antiretroviral therapy coverage for PMTCT (% of pregnant women living with HIV)","SH.HIV.PMTC.ZS","","","","","","","","","","","","","","","","","","","","","","","","","","","","","","","","","","","","","","","","","","","","","","","","","","","","","","","","","","","","","","","","","",
"Guyana","GUY","Antiretroviral therapy coverage for PMTCT (% of pregnant women living with HIV)","SH.HIV.PMTC.ZS","","","","","","","","","","","","","","","","","","","","","","","","","","","","","","","","","","","","","","","","","0","0","20","23","29","42","31","42","51","60","39","50","54","70","57","62","59","48","57","64","50","70","87","","",
"High income","HIC","Antiretroviral therapy coverage for PMTCT (% of pregnant women living with HIV)","SH.HIV.PMTC.ZS","","","","","","","","","","","","","","","","","","","","","","","","","","","","","","","","","","","","","","","","","","","","","","","","","","","","","","","","","","","","","","","","","",
"Hong Kong SAR, China","HKG","Antiretroviral therapy coverage for PMTCT (% of pregnant women living with HIV)","SH.HIV.PMTC.ZS","","","","","","","","","","","","","","","","","","","","","","","","","","","","","","","","","","","","","","","","","","","","","","","","","","","","","","","","","","","","","","","","","",
"Honduras","HND","Antiretroviral therapy coverage for PMTCT (% of pregnant women living with HIV)","SH.HIV.PMTC.ZS","","","","","","","","","","","","","","","","","","","","","","","","","","","","","","","","","","","","","","","","","0","0","0","2","5","9","14","19","20","36","33","35","39","37","39","36","38","42","50","41","36","40","41","","",
"Heavily indebted poor countries (HIPC)","HPC","Antiretroviral therapy coverage for PMTCT (% of pregnant women living with HIV)","SH.HIV.PMTC.ZS","","","","","","","","","","","","","","","","","","","","","","","","","","","","","","","","","","","","","","","","","0","0.0853271510806054","0.46620158655359","2.13079515484701","5.98146643212531","12.3677004469105","19.3005938664755","33.7236400897479","44.9293533986124","53.2525096538632","36.9171978016145","50.3219941742846","66.1720689962096","72.2434608653833","75.8404006065757","78.3996403223826","77.8861033571612","81.6143527789197","82.8305636716785","83.7738865677473","83.5519461575516","83.9068014868037","83.289079175886","","",
"Croatia","HRV","Antiretroviral therapy coverage for PMTCT (% of pregnant women living with HIV)","SH.HIV.PMTC.ZS","","","","","","","","","","","","","","","","","","","","","","","","","","","","","","","","","","","","","","","","","","","","","","","","","","","","","","","","","","","","","","","","","",
"Haiti","HTI","Antiretroviral therapy coverage for PMTCT (% of pregnant women living with HIV)","SH.HIV.PMTC.ZS","","","","","","","","","","","","","","","","","","","","","","","","","","","","","","","","","","","","","","","","","0","0","0","0","1","10","24","47","49","58","47","77","100","100","91","87","81","86","91","88","72","68","62","","",
"Hungary","HUN","Antiretroviral therapy coverage for PMTCT (% of pregnant women living with HIV)","SH.HIV.PMTC.ZS","","","","","","","","","","","","","","","","","","","","","","","","","","","","","","","","","","","","","","","","","","","","","","","","","","","","","","","","","","","","","","","","","",
"IBRD only","IBD","Antiretroviral therapy coverage for PMTCT (% of pregnant women living with HIV)","SH.HIV.PMTC.ZS","","","","","","","","","","","","","","","","","","","","","","","","","","","","","","","","","","","","","","","","","","","","","","","","","","","","","","","","","","","","","","","","","",
"IDA & IBRD total","IBT","Antiretroviral therapy coverage for PMTCT (% of pregnant women living with HIV)","SH.HIV.PMTC.ZS","","","","","","","","","","","","","","","","","","","","","","","","","","","","","","","","","","","","","","","","","","","","","","","","","","","","","","","","","","","","","","","","","",
"IDA total","IDA","Antiretroviral therapy coverage for PMTCT (% of pregnant women living with HIV)","SH.HIV.PMTC.ZS","","","","","","","","","","","","","","","","","","","","","","","","","","","","","","","","","","","","","","","","","0","0.066908371040724","0.553498840067865","2.46834262822254","5.7339471458854","13.2122735680387","21.6753113954429","35.7166610933966","47.4997341139677","55.0217497818733","38.4594619565648","52.7109667262318","65.9756887448974","70.8868406208606","75.1264833394166","79.2484131382807","79.3687304835268","81.9355338123169","84.3737752685737","85.4810600913826","84.457576122277","84.1788771978402","83.1203113952056","","",
"IDA blend","IDB","Antiretroviral therapy coverage for PMTCT (% of pregnant women living with HIV)","SH.HIV.PMTC.ZS","","","","","","","","","","","","","","","","","","","","","","","","","","","","","","","","","","","","","","","","","","","","","","","","","","","","","","","","","","","","","","","","","",
"Indonesia","IDN","Antiretroviral therapy coverage for PMTCT (% of pregnant women living with HIV)","SH.HIV.PMTC.ZS","","","","","","","","","","","","","","","","","","","","","","","","","","","","","","","","","","","","","","","","","0","0","1","1","1","1","1","1","2","4","3","2","3","4","6","8","11","13","16","18","17","15","18","","",
"IDA only","IDX","Antiretroviral therapy coverage for PMTCT (% of pregnant women living with HIV)","SH.HIV.PMTC.ZS","","","","","","","","","","","","","","","","","","","","","","","","","","","","","","","","","","","","","","","","","0","0.0867242197791143","0.25026719058852","1.70039398743165","5.4582598749108","12.21905826345","18.9063272571153","33.9841277565992","44.850365710837","54.2082295399879","37.0130580341055","50.7537557352648","66.5563294472119","71.7391053327532","75.6747292857601","78.049358952788","77.9259078698302","81.9418168092263","83.6856800767908","85.1808428684912","84.9247743333696","84.41076062277","84.0812581604953","","",
"Isle of Man","IMN","Antiretroviral therapy coverage for PMTCT (% of pregnant women living with HIV)","SH.HIV.PMTC.ZS","","","","","","","","","","","","","","","","","","","","","","","","","","","","","","","","","","","","","","","","","","","","","","","","","","","","","","","","","","","","","","","","","",
"India","IND","Antiretroviral therapy coverage for PMTCT (% of pregnant women living with HIV)","SH.HIV.PMTC.ZS","","","","","","","","","","","","","","","","","","","","","","","","","","","","","","","","","","","","","","","","","","","","","","","","","","","","","","","","","","","","","","","","","",
"Not classified","INX","Antiretroviral therapy coverage for PMTCT (% of pregnant women living with HIV)","SH.HIV.PMTC.ZS","","","","","","","","","","","","","","","","","","","","","","","","","","","","","","","","","","","","","","","","","","","","","","","","","","","","","","","","","","","","","","","","","",
"Ireland","IRL","Antiretroviral therapy coverage for PMTCT (% of pregnant women living with HIV)","SH.HIV.PMTC.ZS","","","","","","","","","","","","","","","","","","","","","","","","","","","","","","","","","","","","","","","","","","","","","","","","","","","","","","","","","","","","","","","","","",
"Iran, Islamic Rep.","IRN","Antiretroviral therapy coverage for PMTCT (% of pregnant women living with HIV)","SH.HIV.PMTC.ZS","","","","","","","","","","","","","","","","","","","","","","","","","","","","","","","","","","","","","","","","","0","0","0","0","0","0","5","6","16","13","14","17","27","28","35","27","36","38","45","44","45","41","37","","",
"Iraq","IRQ","Antiretroviral therapy coverage for PMTCT (% of pregnant women living with HIV)","SH.HIV.PMTC.ZS","","","","","","","","","","","","","","","","","","","","","","","","","","","","","","","","","","","","","","","","","","","","","","","","","","","","","","","","","","","","","","","","","",
"Iceland","ISL","Antiretroviral therapy coverage for PMTCT (% of pregnant women living with HIV)","SH.HIV.PMTC.ZS","","","","","","","","","","","","","","","","","","","","","","","","","","","","","","","","","","","","","","","","","","","","","","","","","","","","","","","","","","","","","","","","","",
"Israel","ISR","Antiretroviral therapy coverage for PMTCT (% of pregnant women living with HIV)","SH.HIV.PMTC.ZS","","","","","","","","","","","","","","","","","","","","","","","","","","","","","","","","","","","","","","","","","","","","","","","","","","","","","","","","","","","","","","","","","",
"Italy","ITA","Antiretroviral therapy coverage for PMTCT (% of pregnant women living with HIV)","SH.HIV.PMTC.ZS","","","","","","","","","","","","","","","","","","","","","","","","","","","","","","","","","","","","","","","","","","","","","","","","","","","","","","","","","","","","","","","","","",
"Jamaica","JAM","Antiretroviral therapy coverage for PMTCT (% of pregnant women living with HIV)","SH.HIV.PMTC.ZS","","","","","","","","","","","","","","","","","","","","","","","","","","","","","","","","","","","","","","","","","0","0","0","0","0","36","56","60","73","51","56","46","46","46","65","74","74","77","76","79","64","76","77","","",
"Jordan","JOR","Antiretroviral therapy coverage for PMTCT (% of pregnant women living with HIV)","SH.HIV.PMTC.ZS","","","","","","","","","","","","","","","","","","","","","","","","","","","","","","","","","","","","","","","","","","","","","","","","","","","","","","","","","","","","","","","","","",
"Japan","JPN","Antiretroviral therapy coverage for PMTCT (% of pregnant women living with HIV)","SH.HIV.PMTC.ZS","","","","","","","","","","","","","","","","","","","","","","","","","","","","","","","","","","","","","","","","","","","","","","","","","","","","","","","","","","","","","","","","","",
"Kazakhstan","KAZ","Antiretroviral therapy coverage for PMTCT (% of pregnant women living with HIV)","SH.HIV.PMTC.ZS","","","","","","","","","","","","","","","","","","","","","","","","","","","","","","","","","","","","","","","","","","","","","","","","","","","","","","","","","","","","","","","","","",
"Kenya","KEN","Antiretroviral therapy coverage for PMTCT (% of pregnant women living with HIV)","SH.HIV.PMTC.ZS","","","","","","","","","","","","","","","","","","","","","","","","","","","","","","","","","","","","","","","","","0","0","0","0","3","22","40","60","81","83","53","72","59","61","71","91","93","85","96","100","99","99","90","","",
"Kyrgyz Republic","KGZ","Antiretroviral therapy coverage for PMTCT (% of pregnant women living with HIV)","SH.HIV.PMTC.ZS","","","","","","","","","","","","","","","","","","","","","","","","","","","","","","","","","","","","","","","","","","0","0","0","45","28","21","9","30","64","48","35","63","68","74","53","67","70","73","71","94","92","100","","",
"Cambodia","KHM","Antiretroviral therapy coverage for PMTCT (% of pregnant women living with HIV)","SH.HIV.PMTC.ZS","","","","","","","","","","","","","","","","","","","","","","","","","","","","","","","","","","","","","","","","","0","0","2","3","4","9","16","32","36","42","37","49","54","61","69","80","82","93","87","83","89","75","89","","",
"Kiribati","KIR","Antiretroviral therapy coverage for PMTCT (% of pregnant women living with HIV)","SH.HIV.PMTC.ZS","","","","","","","","","","","","","","","","","","","","","","","","","","","","","","","","","","","","","","","","","","","","","","","","","","","","","","","","","","","","","","","","","",
"St. Kitts and Nevis","KNA","Antiretroviral therapy coverage for PMTCT (% of pregnant women living with HIV)","SH.HIV.PMTC.ZS","","","","","","","","","","","","","","","","","","","","","","","","","","","","","","","","","","","","","","","","","","","","","","","","","","","","","","","","","","","","","","","","","",
"Korea, Rep.","KOR","Antiretroviral therapy coverage for PMTCT (% of pregnant women living with HIV)","SH.HIV.PMTC.ZS","","","","","","","","","","","","","","","","","","","","","","","","","","","","","","","","","","","","","","","","","","","","","","","","","","","","","","","","","","","","","","","","","",
"Kuwait","KWT","Antiretroviral therapy coverage for PMTCT (% of pregnant women living with HIV)","SH.HIV.PMTC.ZS","","","","","","","","","","","","","","","","","","","","","","","","","","","","","","","","","","","","","","","","","","","","","","","","","","","","","","","","","","","","","","","","","",
"Latin America & Caribbean (excluding high income)","LAC","Antiretroviral therapy coverage for PMTCT (% of pregnant women living with HIV)","SH.HIV.PMTC.ZS","","","","","","","","","","","","","","","","","","","","","","","","","","","","","","","","","","","","","","","","","","","","","","","","","","","","","","","","","","","","","","","","","",
"Lao PDR","LAO","Antiretroviral therapy coverage for PMTCT (% of pregnant women living with HIV)","SH.HIV.PMTC.ZS","","","","","","","","","","","","","","","","","","","","","","","","","","","","","","","","","","","","","","","","","0","0","0","0","0","0","14","13","10","12","12","23","23","25","14","16","35","35","41","31","36","61","54","","",
"Lebanon","LBN","Antiretroviral therapy coverage for PMTCT (% of pregnant women living with HIV)","SH.HIV.PMTC.ZS","","","","","","","","","","","","","","","","","","","","","","","","","","","","","","","","","","","","","","","","","","","","","","","","","","","","","","","","","","","","","","","","","",
"Liberia","LBR","Antiretroviral therapy coverage for PMTCT (% of pregnant women living with HIV)","SH.HIV.PMTC.ZS","","","","","","","","","","","","","","","","","","","","","","","","","","","","","","","","","","","","","","","","","0","0","0","0","0","0","0","2","13","14","21","32","33","26","28","54","67","77","91","94","70","96","86","","",
"Libya","LBY","Antiretroviral therapy coverage for PMTCT (% of pregnant women living with HIV)","SH.HIV.PMTC.ZS","","","","","","","","","","","","","","","","","","","","","","","","","","","","","","","","","","","","","","","","","0","0","0","0","0","0","0","0","0","0","0","0","0","0","0","0","58","56","68","67","66","66","67","","",
"St. Lucia","LCA","Antiretroviral therapy coverage for PMTCT (% of pregnant women living with HIV)","SH.HIV.PMTC.ZS","","","","","","","","","","","","","","","","","","","","","","","","","","","","","","","","","","","","","","","","","","","","","","","","","","","","","","","","","","","","","","","","","",
"Latin America & Caribbean","LCN","Antiretroviral therapy coverage for PMTCT (% of pregnant women living with HIV)","SH.HIV.PMTC.ZS","","","","","","","","","","","","","","","","","","","","","","","","","","","","","","","","","","","","","","","","","","","","","","","","","","","","","","","","","","","","","","","","","",
"Least developed countries: UN classification","LDC","Antiretroviral therapy coverage for PMTCT (% of pregnant women living with HIV)","SH.HIV.PMTC.ZS","","","","","","","","","","","","","","","","","","","","","","","","","","","","","","","","","","","","","","","","","0","0.0195748608938691","0.120404476658384","1.52970411079031","5.41096298516971","11.973707736174","19.5126346352326","34.2036506651331","44.5278731024561","53.9424589025237","35.5811361140581","49.2653914494089","64.8057752729318","70.1059944580322","74.0086727167062","76.3819139250558","75.8174605072154","79.5258784368596","81.6934987931397","84.3711055954714","84.4382535324919","83.7754527458287","83.9989703838262","","",
"Low income","LIC","Antiretroviral therapy coverage for PMTCT (% of pregnant women living with HIV)","SH.HIV.PMTC.ZS","","","","","","","","","","","","","","","","","","","","","","","","","","","","","","","","","","","","","","","","","0","0.0286054023267026","0.164642868856388","2.05706661395533","5.73345949257645","9.63018045958773","17.0962156663276","29.6695820363439","39.639002301669","49.0728854648822","27.6701320603787","43.7331169912239","61.9386746968907","67.2092325903578","73.053601445291","77.8347077421546","77.5399716165521","80.8737525641193","82.9827915165519","84.3944259387956","82.7885436603349","83.7982861106144","82.9051207488645","","",
"Liechtenstein","LIE","Antiretroviral therapy coverage for PMTCT (% of pregnant women living with HIV)","SH.HIV.PMTC.ZS","","","","","","","","","","","","","","","","","","","","","","","","","","","","","","","","","","","","","","","","","","","","","","","","","","","","","","","","","","","","","","","","","",
"Sri Lanka","LKA","Antiretroviral therapy coverage for PMTCT (% of pregnant women living with HIV)","SH.HIV.PMTC.ZS","","","","","","","","","","","","","","","","","","","","","","","","","","","","","","","","","","","","","","","","","","","","","","","","","","","","","","","","","","","","","","","","","",
"Lower middle income","LMC","Antiretroviral therapy coverage for PMTCT (% of pregnant women living with HIV)","SH.HIV.PMTC.ZS","","","","","","","","","","","","","","","","","","","","","","","","","","","","","","","","","","","","","","","","","","","","","","","","","","","","","","","","","","","","","","","","","",
"Low & middle income","LMY","Antiretroviral therapy coverage for PMTCT (% of pregnant women living with HIV)","SH.HIV.PMTC.ZS","","","","","","","","","","","","","","","","","","","","","","","","","","","","","","","","","","","","","","","","","","","","","","","","","","","","","","","","","","","","","","","","","",
"Lesotho","LSO","Antiretroviral therapy coverage for PMTCT (% of pregnant women living with HIV)","SH.HIV.PMTC.ZS","","","","","","","","","","","","","","","","","","","","","","","","","","","","","","","","","","","","","","","","","0","0","0","0","3","6","18","32","29","53","66","91","93","90","97","99","94","77","87","86","90","87","89","","",
"Late-demographic dividend","LTE","Antiretroviral therapy coverage for PMTCT (% of pregnant women living with HIV)","SH.HIV.PMTC.ZS","","","","","","","","","","","","","","","","","","","","","","","","","","","","","","","","","","","","","","","","","","","","","","","","","","","","","","","","","","","","","","","","","",
"Lithuania","LTU","Antiretroviral therapy coverage for PMTCT (% of pregnant women living with HIV)","SH.HIV.PMTC.ZS","","","","","","","","","","","","","","","","","","","","","","","","","","","","","","","","","","","","","","","","","","","","","","","","","","","","","","","","","","","","","","","","","",
"Luxembourg","LUX","Antiretroviral therapy coverage for PMTCT (% of pregnant women living with HIV)","SH.HIV.PMTC.ZS","","","","","","","","","","","","","","","","","","","","","","","","","","","","","","","","","","","","","","","","","","","","","","","","","","","","","","","","","","","","","","","","","",
"Latvia","LVA","Antiretroviral therapy coverage for PMTCT (% of pregnant women living with HIV)","SH.HIV.PMTC.ZS","","","","","","","","","","","","","","","","","","","","","","","","","","","","","","","","","","","","","","","","","","","","","","","","","","","","","","","","","","","","","","","","","",
"Macao SAR, China","MAC","Antiretroviral therapy coverage for PMTCT (% of pregnant women living with HIV)","SH.HIV.PMTC.ZS","","","","","","","","","","","","","","","","","","","","","","","","","","","","","","","","","","","","","","","","","","","","","","","","","","","","","","","","","","","","","","","","","",
"St. Martin (French part)","MAF","Antiretroviral therapy coverage for PMTCT (% of pregnant women living with HIV)","SH.HIV.PMTC.ZS","","","","","","","","","","","","","","","","","","","","","","","","","","","","","","","","","","","","","","","","","","","","","","","","","","","","","","","","","","","","","","","","","",
"Morocco","MAR","Antiretroviral therapy coverage for PMTCT (% of pregnant women living with HIV)","SH.HIV.PMTC.ZS","","","","","","","","","","","","","","","","","","","","","","","","","","","","","","","","","","","","","","","","","0","0","0","0","0","3","5","8","11","16","21","21","34","32","37","31","41","41","45","55","52","52","63","","",
"Monaco","MCO","Antiretroviral therapy coverage for PMTCT (% of pregnant women living with HIV)","SH.HIV.PMTC.ZS","","","","","","","","","","","","","","","","","","","","","","","","","","","","","","","","","","","","","","","","","","","","","","","","","","","","","","","","","","","","","","","","","",
"Moldova","MDA","Antiretroviral therapy coverage for PMTCT (% of pregnant women living with HIV)","SH.HIV.PMTC.ZS","","","","","","","","","","","","","","","","","","","","","","","","","","","","","","","","","","","","","","","","","0","0","0","3","22","24","41","46","77","62","68","65","67","64","72","77","79","89","80","89","78","87","96","","",
"Madagascar","MDG","Antiretroviral therapy coverage for PMTCT (% of pregnant women living with HIV)","SH.HIV.PMTC.ZS","","","","","","","","","","","","","","","","","","","","","","","","","","","","","","","","","","","","","","","","","0","0","0","0","1","1","3","4","2","2","2","9","6","4","4","3","1","5","11","13","9","13","12","","",
"Maldives","MDV","Antiretroviral therapy coverage for PMTCT (% of pregnant women living with HIV)","SH.HIV.PMTC.ZS","","","","","","","","","","","","","","","","","","","","","","","","","","","","","","","","","","","","","","","","","","","","","","","","","","","","","","","","","","","","","","","","","",
"Middle East & North Africa","MEA","Antiretroviral therapy coverage for PMTCT (% of pregnant women living with HIV)","SH.HIV.PMTC.ZS","","","","","","","","","","","","","","","","","","","","","","","","","","","","","","","","","","","","","","","","","0","0","0.109789569990851","0.177514792899408","0.292319749216301","1.45851528384279","3.40584636301835","4.56178343949045","11.7194244604317","12.8592342342342","17.4820675105485","17.109955423477","22.0319849482596","25.757467677218","23.5621025858415","18.8736799350122","28.3871224165342","30.3444143795903","34.4156441717791","37.0781129156999","32.7152241112828","31.5488228483211","35.2821896684657","","",
"Mexico","MEX","Antiretroviral therapy coverage for PMTCT (% of pregnant women living with HIV)","SH.HIV.PMTC.ZS","","","","","","","","","","","","","","","","","","","","","","","","","","","","","","","","","","","","","","","","","","","","","","","","","","","","","","","","","","","","","","","","","",
"Marshall Islands","MHL","Antiretroviral therapy coverage for PMTCT (% of pregnant women living with HIV)","SH.HIV.PMTC.ZS","","","","","","","","","","","","","","","","","","","","","","","","","","","","","","","","","","","","","","","","","","","","","","","","","","","","","","","","","","","","","","","","","",
"Middle income","MIC","Antiretroviral therapy coverage for PMTCT (% of pregnant women living with HIV)","SH.HIV.PMTC.ZS","","","","","","","","","","","","","","","","","","","","","","","","","","","","","","","","","","","","","","","","","","","","","","","","","","","","","","","","","","","","","","","","","",
"North Macedonia","MKD","Antiretroviral therapy coverage for PMTCT (% of pregnant women living with HIV)","SH.HIV.PMTC.ZS","","","","","","","","","","","","","","","","","","","","","","","","","","","","","","","","","","","","","","","","","","","","","","","","","","","","","","","","","","","","","","","","","",
"Mali","MLI","Antiretroviral therapy coverage for PMTCT (% of pregnant women living with HIV)","SH.HIV.PMTC.ZS","","","","","","","","","","","","","","","","","","","","","","","","","","","","","","","","","","","","","","","","","0","0","0","0","0","2","10","16","9","33","36","50","54","32","36","41","37","37","38","31","32","39","33","","",
"Malta","MLT","Antiretroviral therapy coverage for PMTCT (% of pregnant women living with HIV)","SH.HIV.PMTC.ZS","","","","","","","","","","","","","","","","","","","","","","","","","","","","","","","","","","","","","","","","","","","","","","","","","","","","","","","","","","","","","","","","","",
"Myanmar","MMR","Antiretroviral therapy coverage for PMTCT (% of pregnant women living with HIV)","SH.HIV.PMTC.ZS","","","","","","","","","","","","","","","","","","","","","","","","","","","","","","","","","","","","","","","","","0","0","0","4","8","11","19","25","30","39","41","50","57","61","71","74","81","82","86","86","81","22","43","","",
"Middle East & North Africa (excluding high income)","MNA","Antiretroviral therapy coverage for PMTCT (% of pregnant women living with HIV)","SH.HIV.PMTC.ZS","","","","","","","","","","","","","","","","","","","","","","","","","","","","","","","","","","","","","","","","","0","0","0.109789569990851","0.177514792899408","0.292319749216301","1.45851528384279","3.40584636301835","4.56178343949045","11.7194244604317","12.8592342342342","17.4820675105485","17.109955423477","22.0319849482596","25.757467677218","23.5621025858415","18.8736799350122","28.3871224165342","30.3444143795903","34.4156441717791","37.0781129156999","32.7152241112828","31.5488228483211","35.2821896684657","","",
"Montenegro","MNE","Antiretroviral therapy coverage for PMTCT (% of pregnant women living with HIV)","SH.HIV.PMTC.ZS","","","","","","","","","","","","","","","","","","","","","","","","","","","","","","","","","","","","","","","","","","","","","","","","","","","","","","","","","","","","","","","","","",
"Mongolia","MNG","Antiretroviral therapy coverage for PMTCT (% of pregnant women living with HIV)","SH.HIV.PMTC.ZS","","","","","","","","","","","","","","","","","","","","","","","","","","","","","","","","","","","","","","","","","","","","","","","","","","","","","","","","","","","","","","","","","",
"Northern Mariana Islands","MNP","Antiretroviral therapy coverage for PMTCT (% of pregnant women living with HIV)","SH.HIV.PMTC.ZS","","","","","","","","","","","","","","","","","","","","","","","","","","","","","","","","","","","","","","","","","","","","","","","","","","","","","","","","","","","","","","","","","",
"Mozambique","MOZ","Antiretroviral therapy coverage for PMTCT (% of pregnant women living with HIV)","SH.HIV.PMTC.ZS","","","","","","","","","","","","","","","","","","","","","","","","","","","","","","","","","","","","","","","","","0","0","0","2","4","7","15","48","47","65","21","44","69","73","83","84","78","86","87","89","84","89","93","","",
"Mauritania","MRT","Antiretroviral therapy coverage for PMTCT (% of pregnant women living with HIV)","SH.HIV.PMTC.ZS","","","","","","","","","","","","","","","","","","","","","","","","","","","","","","","","","","","","","","","","","0","0","0","0","0","0","1","7","5","8","8","9","4","9","58","54","17","12","19","35","20","7","23","","",
"Mauritius","MUS","Antiretroviral therapy coverage for PMTCT (% of pregnant women living with HIV)","SH.HIV.PMTC.ZS","","","","","","","","","","","","","","","","","","","","","","","","","","","","","","","","","","","","","","","","","","","","","","","","","","","","","","","","","","","","","","","","","",
"Malawi","MWI","Antiretroviral therapy coverage for PMTCT (% of pregnant women living with HIV)","SH.HIV.PMTC.ZS","","","","","","","","","","","","","","","","","","","","","","","","","","","","","","","","","","","","","","","","","0","0","1","2","5","9","17","23","45","52","26","48","58","66","70","80","85","92","100","95","99","95","90","","",
"Malaysia","MYS","Antiretroviral therapy coverage for PMTCT (% of pregnant women living with HIV)","SH.HIV.PMTC.ZS","","","","","","","","","","","","","","","","","","","","","","","","","","","","","","","","","","","","","","","","","62","62","61","62","63","64","64","62","59","58","64","67","66","63","70","79","100","99","100","98","98","99","99","","",
"North America","NAC","Antiretroviral therapy coverage for PMTCT (% of pregnant women living with HIV)","SH.HIV.PMTC.ZS","","","","","","","","","","","","","","","","","","","","","","","","","","","","","","","","","","","","","","","","","","","","","","","","","","","","","","","","","","","","","","","","","",
"Namibia","NAM","Antiretroviral therapy coverage for PMTCT (% of pregnant women living with HIV)","SH.HIV.PMTC.ZS","","","","","","","","","","","","","","","","","","","","","","","","","","","","","","","","","","","","","","","","","0","0","0","1","8","38","58","75","77","66","66","71","63","80","93","99","100","100","100","100","100","100","100","","",
"New Caledonia","NCL","Antiretroviral therapy coverage for PMTCT (% of pregnant women living with HIV)","SH.HIV.PMTC.ZS","","","","","","","","","","","","","","","","","","","","","","","","","","","","","","","","","","","","","","","","","","","","","","","","","","","","","","","","","","","","","","","","","",
"Niger","NER","Antiretroviral therapy coverage for PMTCT (% of pregnant women living with HIV)","SH.HIV.PMTC.ZS","","","","","","","","","","","","","","","","","","","","","","","","","","","","","","","","","","","","","","","","","0","0","0","0","3","1","2","5","12","21","79","60","53","52","62","41","66","42","40","34","27","26","32","","",
"Nigeria","NGA","Antiretroviral therapy coverage for PMTCT (% of pregnant women living with HIV)","SH.HIV.PMTC.ZS","","","","","","","","","","","","","","","","","","","","","","","","","","","","","","","","","","","","","","","","","","","","","","","","","","","","","","","","","","","","","","","","","",
"Nicaragua","NIC","Antiretroviral therapy coverage for PMTCT (% of pregnant women living with HIV)","SH.HIV.PMTC.ZS","","","","","","","","","","","","","","","","","","","","","","","","","","","","","","","","","","","","","","","","","0","0","0","4","2","0","0","0","0","68","68","89","100","79","78","91","83","80","97","100","83","91","100","","",
"Netherlands","NLD","Antiretroviral therapy coverage for PMTCT (% of pregnant women living with HIV)","SH.HIV.PMTC.ZS","","","","","","","","","","","","","","","","","","","","","","","","","","","","","","","","","","","","","","","","","","","","","","","","","","","","","","","","","","","","","","","","","",
"Norway","NOR","Antiretroviral therapy coverage for PMTCT (% of pregnant women living with HIV)","SH.HIV.PMTC.ZS","","","","","","","","","","","","","","","","","","","","","","","","","","","","","","","","","","","","","","","","","","","","","","","","","","","","","","","","","","","","","","","","","",
"Nepal","NPL","Antiretroviral therapy coverage for PMTCT (% of pregnant women living with HIV)","SH.HIV.PMTC.ZS","","","","","","","","","","","","","","","","","","","","","","","","","","","","","","","","","","","","","","","","","0","0","0","0","0","0","7","6","10","16","15","23","29","35","43","41","55","62","51","46","48","74","80","","",
"Nauru","NRU","Antiretroviral therapy coverage for PMTCT (% of pregnant women living with HIV)","SH.HIV.PMTC.ZS","","","","","","","","","","","","","","","","","","","","","","","","","","","","","","","","","","","","","","","","","","","","","","","","","","","","","","","","","","","","","","","","","",
"New Zealand","NZL","Antiretroviral therapy coverage for PMTCT (% of pregnant women living with HIV)","SH.HIV.PMTC.ZS","","","","","","","","","","","","","","","","","","","","","","","","","","","","","","","","","","","","","","","","","","","","","","","","","","","","","","","","","","","","","","","","","",
"OECD members","OED","Antiretroviral therapy coverage for PMTCT (% of pregnant women living with HIV)","SH.HIV.PMTC.ZS","","","","","","","","","","","","","","","","","","","","","","","","","","","","","","","","","","","","","","","","","","","","","","","","","","","","","","","","","","","","","","","","","",
"Oman","OMN","Antiretroviral therapy coverage for PMTCT (% of pregnant women living with HIV)","SH.HIV.PMTC.ZS","","","","","","","","","","","","","","","","","","","","","","","","","","","","","","","","","","","","","","","","","","","","","","","","","","","","","","","","","","","","","","","","","",
"Other small states","OSS","Antiretroviral therapy coverage for PMTCT (% of pregnant women living with HIV)","SH.HIV.PMTC.ZS","","","","","","","","","","","","","","","","","","","","","","","","","","","","","","","","","","","","","","","","","","","","","","","","","","","","","","","","","","","","","","","","","",
"Pakistan","PAK","Antiretroviral therapy coverage for PMTCT (% of pregnant women living with HIV)","SH.HIV.PMTC.ZS","","","","","","","","","","","","","","","","","","","","","","","","","","","","","","","","","","","","","","","","","0","0","0","0","0","0","2","1","2","2","3","7","4","10","4","12","7","9","14","17","5","18","12","","",
"Panama","PAN","Antiretroviral therapy coverage for PMTCT (% of pregnant women living with HIV)","SH.HIV.PMTC.ZS","","","","","","","","","","","","","","","","","","","","","","","","","","","","","","","","","","","","","","","","","16","23","27","26","24","59","57","42","63","68","68","78","76","88","75","82","75","80","74","65","63","84","74","","",
"Peru","PER","Antiretroviral therapy coverage for PMTCT (% of pregnant women living with HIV)","SH.HIV.PMTC.ZS","","","","","","","","","","","","","","","","","","","","","","","","","","","","","","","","","","","","","","","","","0","0","12","25","18","10","27","44","43","50","36","55","66","68","69","64","67","69","78","86","86","80","84","","",
"Philippines","PHL","Antiretroviral therapy coverage for PMTCT (% of pregnant women living with HIV)","SH.HIV.PMTC.ZS","","","","","","","","","","","","","","","","","","","","","","","","","","","","","","","","","","","","","","","","","0","0","0","0","0","0","0","0","0","0","14","16","14","9","12","14","16","16","18","22","21","13","6","","",
"Palau","PLW","Antiretroviral therapy coverage for PMTCT (% of pregnant women living with HIV)","SH.HIV.PMTC.ZS","","","","","","","","","","","","","","","","","","","","","","","","","","","","","","","","","","","","","","","","","","","","","","","","","","","","","","","","","","","","","","","","","",
"Papua New Guinea","PNG","Antiretroviral therapy coverage for PMTCT (% of pregnant women living with HIV)","SH.HIV.PMTC.ZS","","","","","","","","","","","","","","","","","","","","","","","","","","","","","","","","","","","","","","","","","0","0","0","0","0","0","0","0","4","17","4","14","21","28","34","29","33","40","50","64","47","52","51","","",
"Poland","POL","Antiretroviral therapy coverage for PMTCT (% of pregnant women living with HIV)","SH.HIV.PMTC.ZS","","","","","","","","","","","","","","","","","","","","","","","","","","","","","","","","","","","","","","","","","","","","","","","","","","","","","","","","","","","","","","","","","",
"Pre-demographic dividend","PRE","Antiretroviral therapy coverage for PMTCT (% of pregnant women living with HIV)","SH.HIV.PMTC.ZS","","","","","","","","","","","","","","","","","","","","","","","","","","","","","","","","","","","","","","","","","0","0.0800290693035987","0.429312220281589","","","","","","","","","50.2372006329902","62.0964491598939","68.2689920379312","72.9242212710718","77.4998179284405","77.0043606123583","80.0185891955394","82.1616772037096","83.8416888865146","83.5100821164988","84.1765785181733","83.1231921830593","","",
"Puerto Rico","PRI","Antiretroviral therapy coverage for PMTCT (% of pregnant women living with HIV)","SH.HIV.PMTC.ZS","","","","","","","","","","","","","","","","","","","","","","","","","","","","","","","","","","","","","","","","","","","","","","","","","","","","","","","","","","","","","","","","","",
"Korea, Dem. People's Rep.","PRK","Antiretroviral therapy coverage for PMTCT (% of pregnant women living with HIV)","SH.HIV.PMTC.ZS","","","","","","","","","","","","","","","","","","","","","","","","","","","","","","","","","","","","","","","","","","","","","","","","","","","","","","","","","","","","","","","","","",
"Portugal","PRT","Antiretroviral therapy coverage for PMTCT (% of pregnant women living with HIV)","SH.HIV.PMTC.ZS","","","","","","","","","","","","","","","","","","","","","","","","","","","","","","","","","","","","","","","","","","","","","","","","","","","","","","","","","","","","","","","","","",
"Paraguay","PRY","Antiretroviral therapy coverage for PMTCT (% of pregnant women living with HIV)","SH.HIV.PMTC.ZS","","","","","","","","","","","","","","","","","","","","","","","","","","","","","","","","","","","","","","","","","","","","","","","","","","","","","","","","57","64","64","63","75","61","64","59","","",
"West Bank and Gaza","PSE","Antiretroviral therapy coverage for PMTCT (% of pregnant women living with HIV)","SH.HIV.PMTC.ZS","","","","","","","","","","","","","","","","","","","","","","","","","","","","","","","","","","","","","","","","","","","","","","","","","","","","","","","","","","","","","","","","","",
"Pacific island small states","PSS","Antiretroviral therapy coverage for PMTCT (% of pregnant women living with HIV)","SH.HIV.PMTC.ZS","","","","","","","","","","","","","","","","","","","","","","","","","","","","","","","","","","","","","","","","","","","","","","","","","","","","","","","","","","","","","","","","","",
"Post-demographic dividend","PST","Antiretroviral therapy coverage for PMTCT (% of pregnant women living with HIV)","SH.HIV.PMTC.ZS","","","","","","","","","","","","","","","","","","","","","","","","","","","","","","","","","","","","","","","","","","","","","","","","","","","","","","","","","","","","","","","","","",
"French Polynesia","PYF","Antiretroviral therapy coverage for PMTCT (% of pregnant women living with HIV)","SH.HIV.PMTC.ZS","","","","","","","","","","","","","","","","","","","","","","","","","","","","","","","","","","","","","","","","","","","","","","","","","","","","","","","","","","","","","","","","","",
"Qatar","QAT","Antiretroviral therapy coverage for PMTCT (% of pregnant women living with HIV)","SH.HIV.PMTC.ZS","","","","","","","","","","","","","","","","","","","","","","","","","","","","","","","","","","","","","","","","","","","","","","","","","","","","","","","","","","","","","","","","","",
"Romania","ROU","Antiretroviral therapy coverage for PMTCT (% of pregnant women living with HIV)","SH.HIV.PMTC.ZS","","","","","","","","","","","","","","","","","","","","","","","","","","","","","","","","","","","","","","","","","","","","","","","","","","","","","","","","","","","","","","","","","",
"Russian Federation","RUS","Antiretroviral therapy coverage for PMTCT (% of pregnant women living with HIV)","SH.HIV.PMTC.ZS","","","","","","","","","","","","","","","","","","","","","","","","","","","","","","","","","","","","","","","","","","","","","","","","","","","","","","","","","","","","","","","","","",
"Rwanda","RWA","Antiretroviral therapy coverage for PMTCT (% of pregnant women living with HIV)","SH.HIV.PMTC.ZS","","","","","","","","","","","","","","","","","","","","","","","","","","","","","","","","","","","","","","","","","0","0","0","0","35","50","63","75","80","69","70","100","97","100","100","100","97","91","92","100","100","100","98","","",
"South Asia","SAS","Antiretroviral therapy coverage for PMTCT (% of pregnant women living with HIV)","SH.HIV.PMTC.ZS","","","","","","","","","","","","","","","","","","","","","","","","","","","","","","","","","","","","","","","","","","","","","","","","","","","","","","","","","","","","","","","","","",
"Saudi Arabia","SAU","Antiretroviral therapy coverage for PMTCT (% of pregnant women living with HIV)","SH.HIV.PMTC.ZS","","","","","","","","","","","","","","","","","","","","","","","","","","","","","","","","","","","","","","","","","","","","","","","","","","","","","","","","","","","","","","","","","",
"Sudan","SDN","Antiretroviral therapy coverage for PMTCT (% of pregnant women living with HIV)","SH.HIV.PMTC.ZS","","","","","","","","","","","","","","","","","","","","","","","","","","","","","","","","","","","","","","","","","0","0","0","0","0","0","0","0","2","3","5","4","5","4","6","6","5","7","5","3","3","2","6","","",
"Senegal","SEN","Antiretroviral therapy coverage for PMTCT (% of pregnant women living with HIV)","SH.HIV.PMTC.ZS","","","","","","","","","","","","","","","","","","","","","","","","","","","","","","","","","","","","","","","","","0","0","0","0","0","1","6","10","16","27","22","26","32","47","41","53","56","53","62","66","66","66","72","","",
"Singapore","SGP","Antiretroviral therapy coverage for PMTCT (% of pregnant women living with HIV)","SH.HIV.PMTC.ZS","","","","","","","","","","","","","","","","","","","","","","","","","","","","","","","","","","","","","","","","","","","","","","","","","","","","","","","","","","","","","","","","","",
"Solomon Islands","SLB","Antiretroviral therapy coverage for PMTCT (% of pregnant women living with HIV)","SH.HIV.PMTC.ZS","","","","","","","","","","","","","","","","","","","","","","","","","","","","","","","","","","","","","","","","","","","","","","","","","","","","","","","","","","","","","","","","","",
"Sierra Leone","SLE","Antiretroviral therapy coverage for PMTCT (% of pregnant women living with HIV)","SH.HIV.PMTC.ZS","","","","","","","","","","","","","","","","","","","","","","","","","","","","","","","","","","","","","","","","","0","0","0","0","0","1","6","9","29","25","35","46","59","52","49","59","60","66","73","67","62","93","69","","",
"El Salvador","SLV","Antiretroviral therapy coverage for PMTCT (% of pregnant women living with HIV)","SH.HIV.PMTC.ZS","","","","","","","","","","","","","","","","","","","","","","","","","","","","","","","","","","","","","","","","","0","0","48","71","96","89","66","53","54","46","39","45","65","74","70","69","65","68","58","67","59","76","78","","",
"San Marino","SMR","Antiretroviral therapy coverage for PMTCT (% of pregnant women living with HIV)","SH.HIV.PMTC.ZS","","","","","","","","","","","","","","","","","","","","","","","","","","","","","","","","","","","","","","","","","","","","","","","","","","","","","","","","","","","","","","","","","",
"Somalia","SOM","Antiretroviral therapy coverage for PMTCT (% of pregnant women living with HIV)","SH.HIV.PMTC.ZS","","","","","","","","","","","","","","","","","","","","","","","","","","","","","","","","","","","","","","","","","","","","","","","","","","","","","","","","","","","","","","","","","",
"Serbia","SRB","Antiretroviral therapy coverage for PMTCT (% of pregnant women living with HIV)","SH.HIV.PMTC.ZS","","","","","","","","","","","","","","","","","","","","","","","","","","","","","","","","","","","","","","","","","","","","","","","","","","","","","","","","","","","","","","","","","",
"Sub-Saharan Africa (excluding high income)","SSA","Antiretroviral therapy coverage for PMTCT (% of pregnant women living with HIV)","SH.HIV.PMTC.ZS","","","","","","","","","","","","","","","","","","","","","","","","","","","","","","","","","","","","","","","","","0.11640518614131","0.473030733345476","1.58241214819103","3.87174669194103","8.47528989786162","17.086322984634","25.8918288958457","38.9362771824178","50.3995315297107","59.5142909818558","51.6710677315255","61.7201885313047","72.9892251765248","77.9677324863795","81.1802363930241","83.2644548058408","83.2680427568336","85.1155279847675","87.3731599658634","88.9834588259659","88.6217606032045","89.0761434952362","87.8568585393298","","",
"South Sudan","SSD","Antiretroviral therapy coverage for PMTCT (% of pregnant women living with HIV)","SH.HIV.PMTC.ZS","","","","","","","","","","","","","","","","","","","","","","","","","","","","","","","","","","","","","","","","","0","0","0","0","0","0","0","0","1","2","7","10","11","19","18","42","29","62","71","58","60","57","53","","",
"Sub-Saharan Africa","SSF","Antiretroviral therapy coverage for PMTCT (% of pregnant women living with HIV)","SH.HIV.PMTC.ZS","","","","","","","","","","","","","","","","","","","","","","","","","","","","","","","","","","","","","","","","","0.11640518614131","0.473030733345476","1.58241214819103","3.87174669194103","8.47528989786162","17.086322984634","25.8918288958457","38.9362771824178","50.3995315297107","59.5142909818558","51.6710677315255","61.7201885313047","72.9892251765248","77.9677324863795","81.1802363930241","83.2644548058408","83.2680427568336","85.1155279847675","87.3731599658634","88.9834588259659","88.6217606032045","89.0761434952362","87.8568585393298","","",
"Small states","SST","Antiretroviral therapy coverage for PMTCT (% of pregnant women living with HIV)","SH.HIV.PMTC.ZS","","","","","","","","","","","","","","","","","","","","","","","","","","","","","","","","","","","","","","","","","","","","","","","","","","","","","","","","","","","","","","","","","",
"Sao Tome and Principe","STP","Antiretroviral therapy coverage for PMTCT (% of pregnant women living with HIV)","SH.HIV.PMTC.ZS","","","","","","","","","","","","","","","","","","","","","","","","","","","","","","","","","","","","","","","","","0","0","0","0","0","6","16","21","34","23","31","33","44","30","50","55","44","47","48","76","80","83","87","","",
"Suriname","SUR","Antiretroviral therapy coverage for PMTCT (% of pregnant women living with HIV)","SH.HIV.PMTC.ZS","","","","","","","","","","","","","","","","","","","","","","","","","","","","","","","","","","","","","","","","","0","0","0","3","14","39","56","76","72","69","63","92","89","87","91","99","86","76","72","69","72","62","","","",
"Slovak Republic","SVK","Antiretroviral therapy coverage for PMTCT (% of pregnant women living with HIV)","SH.HIV.PMTC.ZS","","","","","","","","","","","","","","","","","","","","","","","","","","","","","","","","","","","","","","","","","","","","","","","","","","","","","","","","","","","","","","","","","",
"Slovenia","SVN","Antiretroviral therapy coverage for PMTCT (% of pregnant women living with HIV)","SH.HIV.PMTC.ZS","","","","","","","","","","","","","","","","","","","","","","","","","","","","","","","","","","","","","","","","","","","","","","","","","","","","","","","","","","","","","","","","","",
"Sweden","SWE","Antiretroviral therapy coverage for PMTCT (% of pregnant women living with HIV)","SH.HIV.PMTC.ZS","","","","","","","","","","","","","","","","","","","","","","","","","","","","","","","","","","","","","","","","","","","","","","","","","","","","","","","","","","","","","","","","","",
"Eswatini","SWZ","Antiretroviral therapy coverage for PMTCT (% of pregnant women living with HIV)","SH.HIV.PMTC.ZS","","","","","","","","","","","","","","","","","","","","","","","","","","","","","","","","","","","","","","","","","0","0","1","2","9","15","72","73","71","67","69","85","83","84","77","84","87","80","94","100","89","97","100","","",
"Sint Maarten (Dutch part)","SXM","Antiretroviral therapy coverage for PMTCT (% of pregnant women living with HIV)","SH.HIV.PMTC.ZS","","","","","","","","","","","","","","","","","","","","","","","","","","","","","","","","","","","","","","","","","","","","","","","","","","","","","","","","","","","","","","","","","",
"Seychelles","SYC","Antiretroviral therapy coverage for PMTCT (% of pregnant women living with HIV)","SH.HIV.PMTC.ZS","","","","","","","","","","","","","","","","","","","","","","","","","","","","","","","","","","","","","","","","","","","","","","","","","","","","","","","","","","","","","","","","","",
"Syrian Arab Republic","SYR","Antiretroviral therapy coverage for PMTCT (% of pregnant women living with HIV)","SH.HIV.PMTC.ZS","","","","","","","","","","","","","","","","","","","","","","","","","","","","","","","","","","","","","","","","","","","","","","","","","","","","","","","","","","","","","","","","","",
"Turks and Caicos Islands","TCA","Antiretroviral therapy coverage for PMTCT (% of pregnant women living with HIV)","SH.HIV.PMTC.ZS","","","","","","","","","","","","","","","","","","","","","","","","","","","","","","","","","","","","","","","","","","","","","","","","","","","","","","","","","","","","","","","","","",
"Chad","TCD","Antiretroviral therapy coverage for PMTCT (% of pregnant women living with HIV)","SH.HIV.PMTC.ZS","","","","","","","","","","","","","","","","","","","","","","","","","","","","","","","","","","","","","","","","","0","0","0","0","0","0","3","4","9","11","18","22","29","48","68","53","50","55","65","72","72","73","65","","",
"East Asia & Pacific (IDA & IBRD countries)","TEA","Antiretroviral therapy coverage for PMTCT (% of pregnant women living with HIV)","SH.HIV.PMTC.ZS","","","","","","","","","","","","","","","","","","","","","","","","","","","","","","","","","","","","","","","","","","","","","","","","","","","","","","","","","","","","","","","","","",
"Europe & Central Asia (IDA & IBRD countries)","TEC","Antiretroviral therapy coverage for PMTCT (% of pregnant women living with HIV)","SH.HIV.PMTC.ZS","","","","","","","","","","","","","","","","","","","","","","","","","","","","","","","","","","","","","","","","","","","","","","","","","","","","","","","","","","","","","","","","","",
"Togo","TGO","Antiretroviral therapy coverage for PMTCT (% of pregnant women living with HIV)","SH.HIV.PMTC.ZS","","","","","","","","","","","","","","","","","","","","","","","","","","","","","","","","","","","","","","","","","0","0","0","1","2","4","8","10","16","21","31","65","71","75","77","83","89","73","83","84","73","75","79","","",
"Thailand","THA","Antiretroviral therapy coverage for PMTCT (% of pregnant women living with HIV)","SH.HIV.PMTC.ZS","","","","","","","","","","","","","","","","","","","","","","","","","","","","","","","","","","","","","","","","","22","25","35","53","56","85","86","90","92","94","94","94","94","94","95","96","97","97","98","97","98","98","97","","",
"Tajikistan","TJK","Antiretroviral therapy coverage for PMTCT (% of pregnant women living with HIV)","SH.HIV.PMTC.ZS","","","","","","","","","","","","","","","","","","","","","","","","","","","","","","","","","","","","","","","","","","","","","","","","","","","","","","","","","","","","","","","","","",
"Turkmenistan","TKM","Antiretroviral therapy coverage for PMTCT (% of pregnant women living with HIV)","SH.HIV.PMTC.ZS","","","","","","","","","","","","","","","","","","","","","","","","","","","","","","","","","","","","","","","","","","","","","","","","","","","","","","","","","","","","","","","","","",
"Latin America & the Caribbean (IDA & IBRD countries)","TLA","Antiretroviral therapy coverage for PMTCT (% of pregnant women living with HIV)","SH.HIV.PMTC.ZS","","","","","","","","","","","","","","","","","","","","","","","","","","","","","","","","","","","","","","","","","","","","","","","","","","","","","","","","","","","","","","","","","",
"Timor-Leste","TLS","Antiretroviral therapy coverage for PMTCT (% of pregnant women living with HIV)","SH.HIV.PMTC.ZS","","","","","","","","","","","","","","","","","","","","","","","","","","","","","","","","","","","","","","","","","","","","","","","","","","","","","","","","","","","","","","","","","",
"Middle East & North Africa (IDA & IBRD countries)","TMN","Antiretroviral therapy coverage for PMTCT (% of pregnant women living with HIV)","SH.HIV.PMTC.ZS","","","","","","","","","","","","","","","","","","","","","","","","","","","","","","","","","","","","","","","","","0","0","0.109789569990851","0.177514792899408","0.292319749216301","1.45851528384279","3.40584636301835","4.56178343949045","11.7194244604317","12.8592342342342","17.4820675105485","17.109955423477","22.0319849482596","25.757467677218","23.5621025858415","18.8736799350122","28.3871224165342","30.3444143795903","34.4156441717791","37.0781129156999","32.7152241112828","31.5488228483211","35.2821896684657","","",
"Tonga","TON","Antiretroviral therapy coverage for PMTCT (% of pregnant women living with HIV)","SH.HIV.PMTC.ZS","","","","","","","","","","","","","","","","","","","","","","","","","","","","","","","","","","","","","","","","","","","","","","","","","","","","","","","","","","","","","","","","","",
"South Asia (IDA & IBRD)","TSA","Antiretroviral therapy coverage for PMTCT (% of pregnant women living with HIV)","SH.HIV.PMTC.ZS","","","","","","","","","","","","","","","","","","","","","","","","","","","","","","","","","","","","","","","","","","","","","","","","","","","","","","","","","","","","","","","","","",
"Sub-Saharan Africa (IDA & IBRD countries)","TSS","Antiretroviral therapy coverage for PMTCT (% of pregnant women living with HIV)","SH.HIV.PMTC.ZS","","","","","","","","","","","","","","","","","","","","","","","","","","","","","","","","","","","","","","","","","0.11640518614131","0.473030733345476","1.58241214819103","3.87174669194103","8.47528989786162","17.086322984634","25.8918288958457","38.9362771824178","50.3995315297107","59.5142909818558","51.6710677315255","61.7201885313047","72.9892251765248","77.9677324863795","81.1802363930241","83.2644548058408","83.2680427568336","85.1155279847675","87.3731599658634","88.9834588259659","88.6217606032045","89.0761434952362","87.8568585393298","","",
"Trinidad and Tobago","TTO","Antiretroviral therapy coverage for PMTCT (% of pregnant women living with HIV)","SH.HIV.PMTC.ZS","","","","","","","","","","","","","","","","","","","","","","","","","","","","","","","","","","","","","","","","","9","22","29","35","34","40","47","51","55","44","66","85","92","71","64","59","84","84","91","91","100","100","92","","",
"Tunisia","TUN","Antiretroviral therapy coverage for PMTCT (% of pregnant women living with HIV)","SH.HIV.PMTC.ZS","","","","","","","","","","","","","","","","","","","","","","","","","","","","","","","","","","","","","","","","","0","0","4","6","3","0","0","2","3","3","9","10","9","12","26","17","12","11","12","18","28","31","40","","",
"Turkiye","TUR","Antiretroviral therapy coverage for PMTCT (% of pregnant women living with HIV)","SH.HIV.PMTC.ZS","","","","","","","","","","","","","","","","","","","","","","","","","","","","","","","","","","","","","","","","","","","","","","","","","","","","","","","","","","","","","","","","","",
"Tuvalu","TUV","Antiretroviral therapy coverage for PMTCT (% of pregnant women living with HIV)","SH.HIV.PMTC.ZS","","","","","","","","","","","","","","","","","","","","","","","","","","","","","","","","","","","","","","","","","","","","","","","","","","","","","","","","","","","","","","","","","",
"Tanzania","TZA","Antiretroviral therapy coverage for PMTCT (% of pregnant women living with HIV)","SH.HIV.PMTC.ZS","","","","","","","","","","","","","","","","","","","","","","","","","","","","","","","","","","","","","","","","","0","0","0","1","2","16","21","62","74","86","60","78","100","100","94","88","83","92","94","91","96","89","92","","",
"Uganda","UGA","Antiretroviral therapy coverage for PMTCT (% of pregnant women living with HIV)","SH.HIV.PMTC.ZS","","","","","","","","","","","","","","","","","","","","","","","","","","","","","","","","","","","","","","","","","0","0","0","5","11","18","26","34","53","59","35","59","93","100","100","100","100","100","100","100","100","100","98","","",
"Ukraine","UKR","Antiretroviral therapy coverage for PMTCT (% of pregnant women living with HIV)","SH.HIV.PMTC.ZS","","","","","","","","","","","","","","","","","","","","","","","","","","","","","","","","","","","","","","","","","","","","","","","","","","","","","","","","","","","","","","","","","",
"Upper middle income","UMC","Antiretroviral therapy coverage for PMTCT (% of pregnant women living with HIV)","SH.HIV.PMTC.ZS","","","","","","","","","","","","","","","","","","","","","","","","","","","","","","","","","","","","","","","","","","","","","","","","","","","","","","","","","","","","","","","","","",
"Uruguay","URY","Antiretroviral therapy coverage for PMTCT (% of pregnant women living with HIV)","SH.HIV.PMTC.ZS","","","","","","","","","","","","","","","","","","","","","","","","","","","","","","","","","","","","","","","","","","","","","","","","","","","","","","","","","","","","","","","","","",
"United States","USA","Antiretroviral therapy coverage for PMTCT (% of pregnant women living with HIV)","SH.HIV.PMTC.ZS","","","","","","","","","","","","","","","","","","","","","","","","","","","","","","","","","","","","","","","","","","","","","","","","","","","","","","","","","","","","","","","","","",
"Uzbekistan","UZB","Antiretroviral therapy coverage for PMTCT (% of pregnant women living with HIV)","SH.HIV.PMTC.ZS","","","","","","","","","","","","","","","","","","","","","","","","","","","","","","","","","","","","","","","","","","","","","","","","","","","","","","","","","","","","","","","","","",
"St. Vincent and the Grenadines","VCT","Antiretroviral therapy coverage for PMTCT (% of pregnant women living with HIV)","SH.HIV.PMTC.ZS","","","","","","","","","","","","","","","","","","","","","","","","","","","","","","","","","","","","","","","","","","","","","","","","","","","","","","","","","","","","","","","","","",
"Venezuela, RB","VEN","Antiretroviral therapy coverage for PMTCT (% of pregnant women living with HIV)","SH.HIV.PMTC.ZS","","","","","","","","","","","","","","","","","","","","","","","","","","","","","","","","","","","","","","","","","0","13","6","4","5","4","8","10","10","7","9","10","13","16","21","21","21","17","19","14","17","22","37","","",
"British Virgin Islands","VGB","Antiretroviral therapy coverage for PMTCT (% of pregnant women living with HIV)","SH.HIV.PMTC.ZS","","","","","","","","","","","","","","","","","","","","","","","","","","","","","","","","","","","","","","","","","","","","","","","","","","","","","","","","","","","","","","","","","",
"Virgin Islands (U.S.)","VIR","Antiretroviral therapy coverage for PMTCT (% of pregnant women living with HIV)","SH.HIV.PMTC.ZS","","","","","","","","","","","","","","","","","","","","","","","","","","","","","","","","","","","","","","","","","","","","","","","","","","","","","","","","","","","","","","","","","",
"Viet Nam","VNM","Antiretroviral therapy coverage for PMTCT (% of pregnant women living with HIV)","SH.HIV.PMTC.ZS","","","","","","","","","","","","","","","","","","","","","","","","","","","","","","","","","","","","","","","","","0","0","3","8","9","18","35","46","51","62","52","44","46","42","58","63","72","80","83","94","96","84","77","","",
"Vanuatu","VUT","Antiretroviral therapy coverage for PMTCT (% of pregnant women living with HIV)","SH.HIV.PMTC.ZS","","","","","","","","","","","","","","","","","","","","","","","","","","","","","","","","","","","","","","","","","","","","","","","","","","","","","","","","","","","","","","","","","",
"World","WLD","Antiretroviral therapy coverage for PMTCT (% of pregnant women living with HIV)","SH.HIV.PMTC.ZS","","","","","","","","","","","","","","","","","","","","","","","","","","","","","","","","","","","","","","","","","1","1","2","5","9","17","25","37","48","56","48","58","68","74","79","81","80","81","82","84","83","83","82","","",
"Samoa","WSM","Antiretroviral therapy coverage for PMTCT (% of pregnant women living with HIV)","SH.HIV.PMTC.ZS","","","","","","","","","","","","","","","","","","","","","","","","","","","","","","","","","","","","","","","","","","","","","","","","","","","","","","","","","","","","","","","","","",
"Kosovo","XKX","Antiretroviral therapy coverage for PMTCT (% of pregnant women living with HIV)","SH.HIV.PMTC.ZS","","","","","","","","","","","","","","","","","","","","","","","","","","","","","","","","","","","","","","","","","","","","","","","","","","","","","","","","","","","","","","","","","",
"Yemen, Rep.","YEM","Antiretroviral therapy coverage for PMTCT (% of pregnant women living with HIV)","SH.HIV.PMTC.ZS","","","","","","","","","","","","","","","","","","","","","","","","","","","","","","","","","","","","","","","","","0","0","0","0","0","0","0","1","1","7","9","3","5","7","5","2","0","3","3","7","3","7","24","","",
"South Africa","ZAF","Antiretroviral therapy coverage for PMTCT (% of pregnant women living with HIV)","SH.HIV.PMTC.ZS","","","","","","","","","","","","","","","","","","","","","","","","","","","","","","","","","","","","","","","","","0","1","4","7","15","25","34","46","58","73","85","89","96","100","100","97","97","97","98","99","99","100","98","","",
"Zambia","ZMB","Antiretroviral therapy coverage for PMTCT (% of pregnant women living with HIV)","SH.HIV.PMTC.ZS","","","","","","","","","","","","","","","","","","","","","","","","","","","","","","","","","","","","","","","","","0","0","0","0","12","31","42","45","64","75","62","66","70","79","85","80","84","90","86","91","92","91","91","","",
"Zimbabwe","ZWE","Antiretroviral therapy coverage for PMTCT (% of pregnant women living with HIV)","SH.HIV.PMTC.ZS","","","","","","","","","","","","","","","","","","","","","","","","","","","","","","","","","","","","","","","","","0","0","2","9","8","12","14","23","37","45","30","48","75","75","81","81","87","90","92","94","88","85","85","","",
